Algorithm,Overall Best Score,Overall Average,Overall Standard Deviation
BPSO1,135387,140888.095,656.4512454414772
GA1,134877,140980.69416666665,581.6407802925321
BPSO2,135501,140752.59833333333,705.6483675768611
GA2,126859,140695.7575,1179.492809937284
BPSO3,130696,140566.53583333333,1037.3168466686727
GA3,133541,140994.1775,752.6810253977112
