Algorithm,Overall Best Score,Overall Average,Overall Standard Deviation
BPSO1,7547,8301.186666666666,108.24310673458868
GA1,7390,8601.558333333332,171.48175295704854
BPSO2,7482,8301.069166666666,114.53585049802335
GA2,7557,8585.655,156.86847773958073
BPSO3,6738,8185.345833333334,180.2631351644189
GA3,7297,8545.04,175.69747693122972
