Algorithm,Overall Best Score,Overall Average,Overall Standard Deviation
BPSO1,118690,130315.75,1156.9662631929534
GA1,118553,130410.7175,1627.557836973467
BPSO2,117705,130072.26833333333,1634.4822823544328
GA2,113325,128766.00083333334,3396.3999844196755
BPSO3,112622,129582.56583333333,2255.745409836692
GA3,115755,130263.15916666666,1794.7767727025662
