Algorithm,Overall Best Score,Overall Average,Overall Standard Deviation
BPSO1,80097,93732.24666666667,1656.9853482018348
GA1,72375,94072.18333333333,1678.63757545285
BPSO2,72786,94121.21416666667,1853.0868971257946
GA2,76140,92807.01416666666,2023.3557906687195
BPSO3,68348,93351.42166666666,2624.5000391561352
GA3,73603,94279.10916666666,1909.5987821833078
