Algorithm,Best,Mean,StdDev
BPSO1,119337.0,118735.1,1169.76487238533
BPSO2,119337.0,118152.15,1576.2804829196268
BPSO3,,,
GA1,119337.0,118682.53333333334,1304.6109441345168
GA2,119337.0,118338.83333333333,1400.8502675954421
GA3,119337.0,119220.13333333333,629.3462604604525
