Algorithm,Overall Best Score,Overall Average,Overall Standard Deviation
BPSO1,85813,96515.17333333334,2296.54944825686
GA1,88027,97026.24333333333,2136.5199626469416
BPSO2,84424,96577.12333333334,2232.0930169810476
GA2,83194,94733.81166666666,1781.2128053278443
BPSO3,76219,95783.14916666667,2583.798059752859
GA3,87128,97252.05416666667,2121.463187574236
