Algorithm,Best,Mean,StdDev
BPSO1,130623.0,130235.96666666666,365.28445384689206
BPSO2,130623.0,129845.16666666667,1105.8105348064328
BPSO3,130623,129929.2,477.98608068994366
GA1,130623.0,130235.15,318.98886213575963
GA2,130623.0,129779.55,1097.674062506717
GA3,130623.0,130466.33333333333,191.90854303258337
