Algorithm,Best,Mean,StdDev
BPSO1,1095264.0,1055437.0666666667,39159.84856621497
BPSO2,1093657.0,1055221.0,36858.51204855309
BPSO3,,,
GA1,1095264.0,1056692.95,38279.02416965241
GA2,1093657.0,1046202.4,45504.551290026655
GA3,1080974.0,1070593.7666666666,4629.935706417051
