Algorithm,Overall Best Score,Overall Average,Overall Standard Deviation
BPSO1,-37499999999999999787263,-7.413333333333331e+20,3.649135727203843e+21
GA1,-43199999999999999762562,-5.1066666666666616e+20,3.314217286513069e+21
BPSO2,-38999999999999999663267,-5.962499999999997e+20,3.362681609098114e+21
GA2,295782,512967.3425,62941.936607904965
BPSO3,-59199999999999999570359,-3.357583333333333e+21,8.005106234547321e+21
GA3,-35399999999999999714357,-6.409166666666662e+20,3.74895552028234e+21
