Algorithm,Overall Best Score,Overall Average,Overall Standard Deviation
BPSO1,3560,6468.461666666667,501.2737477638563
GA1,3445,7474.8358333333335,588.5845497598219
BPSO2,3728,6488.501666666667,502.78066622589574
GA2,4601,7339.328333333333,540.033491736598
BPSO3,1427,5971.704166666666,608.1680072008382
GA3,3478,7337.338333333333,642.6843630667822
